keyword,intent,source,category,asins
best office chair for long hours,Commercial Roundup,Google,Affiliate / Review,
best office chair for lower back pain,Commercial Roundup,Google,Affiliate / Review,
best office chair for work from home,Commercial Roundup,Google,Affiliate / Review,
best office chair for gaming,Commercial Roundup,Google,Affiliate / Review,
best office chair for back support,Commercial Roundup,Google,Affiliate / Review,
best office chair for short person,Commercial Roundup,Google,Affiliate / Review,
best office chair for tall person,Commercial Roundup,Google,Affiliate / Review,
best office chair for home,Commercial Roundup,Google,Affiliate / Review,
best office chair for sciatica,Commercial Roundup,Google,Affiliate / Review,
best office chair for posture,Commercial Roundup,Google,Affiliate / Review,
best office chair for hip pain,Commercial Roundup,Amazon,Affiliate / Review,
best office chair for back pain,Commercial Roundup,Amazon,Affiliate / Review,
best office chair for tall people,Commercial Roundup,Amazon,Affiliate / Review,
best office chair for lower back pain lumbar support,Commercial Roundup,Amazon,Affiliate / Review,
best office chair for women,Commercial Roundup,Amazon,Affiliate / Review,
